scientificNameCBRO2021,scientificNameOriginal,category,scale,year,source,link
Rhea americana,Rhea americana,NT,Global,2022,BirdLife Data Zone,http://datazone.birdlife.org/species/results?thrlev1=&thrlev2=&kw=&fam=0&gen=0&spc=&cmn=&reg=11&cty=30&incvag=Y
Tinamus tao,Tinamus tao,VU,Global,2022,BirdLife Data Zone,http://datazone.birdlife.org/species/results?thrlev1=&thrlev2=&kw=&fam=0&gen=0&spc=&cmn=&reg=11&cty=30&incvag=Y
Tinamus solitarius,Tinamus solitarius,NT,Global,2022,BirdLife Data Zone,http://datazone.birdlife.org/species/results?thrlev1=&thrlev2=&kw=&fam=0&gen=0&spc=&cmn=&reg=11&cty=30&incvag=Y
Tinamus guttatus,Tinamus guttatus,NT,Global,2022,BirdLife Data Zone,http://datazone.birdlife.org/species/results?thrlev1=&thrlev2=&kw=&fam=0&gen=0&spc=&cmn=&reg=11&cty=30&incvag=Y
Crypturellus noctivagus,Crypturellus noctivagus,NT,Global,2022,BirdLife Data Zone,http://datazone.birdlife.org/species/results?thrlev1=&thrlev2=&kw=&fam=0&gen=0&spc=&cmn=&reg=11&cty=30&incvag=Y
Nothura minor,Nothura minor,VU,Global,2022,BirdLife Data Zone,http://datazone.birdlife.org/species/results?thrlev1=&thrlev2=&kw=&fam=0&gen=0&spc=&cmn=&reg=11&cty=30&incvag=Y
Taoniscus nanus,Taoniscus nanus,EN,Global,2022,BirdLife Data Zone,http://datazone.birdlife.org/species/results?thrlev1=&thrlev2=&kw=&fam=0&gen=0&spc=&cmn=&reg=11&cty=30&incvag=Y
Penelope superciliaris,Penelope superciliaris,NT,Global,2022,BirdLife Data Zone,http://datazone.birdlife.org/species/results?thrlev1=&thrlev2=&kw=&fam=0&gen=0&spc=&cmn=&reg=11&cty=30&incvag=Y
Penelope pileata,Penelope pileata,VU,Global,2022,BirdLife Data Zone,http://datazone.birdlife.org/species/results?thrlev1=&thrlev2=&kw=&fam=0&gen=0&spc=&cmn=&reg=11&cty=30&incvag=Y
Penelope ochrogaster,Penelope ochrogaster,VU,Global,2022,BirdLife Data Zone,http://datazone.birdlife.org/species/results?thrlev1=&thrlev2=&kw=&fam=0&gen=0&spc=&cmn=&reg=11&cty=30&incvag=Y
Penelope jacucaca,Penelope jacucaca,VU,Global,2022,BirdLife Data Zone,http://datazone.birdlife.org/species/results?thrlev1=&thrlev2=&kw=&fam=0&gen=0&spc=&cmn=&reg=11&cty=30&incvag=Y
Aburria cumanensis grayi,Pipile grayi,NT,Global,2022,BirdLife Data Zone,http://datazone.birdlife.org/species/results?thrlev1=&thrlev2=&kw=&fam=0&gen=0&spc=&cmn=&reg=11&cty=30&incvag=Y
Aburria cujubi,Pipile cujubi,VU,Global,2022,BirdLife Data Zone,http://datazone.birdlife.org/species/results?thrlev1=&thrlev2=&kw=&fam=0&gen=0&spc=&cmn=&reg=11&cty=30&incvag=Y
Aburria jacutinga,Pipile jacutinga,EN,Global,2022,BirdLife Data Zone,http://datazone.birdlife.org/species/results?thrlev1=&thrlev2=&kw=&fam=0&gen=0&spc=&cmn=&reg=11&cty=30&incvag=Y
Crax fasciolata,Crax fasciolata,VU,Global,2022,BirdLife Data Zone,http://datazone.birdlife.org/species/results?thrlev1=&thrlev2=&kw=&fam=0&gen=0&spc=&cmn=&reg=11&cty=30&incvag=Y
Crax fasciolata pinima,Crax pinima,CR,Global,2022,BirdLife Data Zone,http://datazone.birdlife.org/species/results?thrlev1=&thrlev2=&kw=&fam=0&gen=0&spc=&cmn=&reg=11&cty=30&incvag=Y
Crax globulosa,Crax globulosa,EN,Global,2022,BirdLife Data Zone,http://datazone.birdlife.org/species/results?thrlev1=&thrlev2=&kw=&fam=0&gen=0&spc=&cmn=&reg=11&cty=30&incvag=Y
Crax blumenbachii,Crax blumenbachii,EN,Global,2022,BirdLife Data Zone,http://datazone.birdlife.org/species/results?thrlev1=&thrlev2=&kw=&fam=0&gen=0&spc=&cmn=&reg=11&cty=30&incvag=Y
Pauxi tomentosa,Mitu tomentosum,NT,Global,2022,BirdLife Data Zone,http://datazone.birdlife.org/species/results?thrlev1=&thrlev2=&kw=&fam=0&gen=0&spc=&cmn=&reg=11&cty=30&incvag=Y
Pauxi mitu,Mitu mitu,EW,Global,2022,BirdLife Data Zone,http://datazone.birdlife.org/species/results?thrlev1=&thrlev2=&kw=&fam=0&gen=0&spc=&cmn=&reg=11&cty=30&incvag=Y
Pauxi tuberosa,Mitu tuberosum,NT,Global,2022,BirdLife Data Zone,http://datazone.birdlife.org/species/results?thrlev1=&thrlev2=&kw=&fam=0&gen=0&spc=&cmn=&reg=11&cty=30&incvag=Y
Mergus octosetaceus,Mergus octosetaceus,CR,Global,2022,BirdLife Data Zone,http://datazone.birdlife.org/species/results?thrlev1=&thrlev2=&kw=&fam=0&gen=0&spc=&cmn=&reg=11&cty=30&incvag=Y
Neochen jubata,Neochen jubata,NT,Global,2022,BirdLife Data Zone,http://datazone.birdlife.org/species/results?thrlev1=&thrlev2=&kw=&fam=0&gen=0&spc=&cmn=&reg=11&cty=30&incvag=Y
Phoenicopterus chilensis,Phoenicopterus chilensis,NT,Global,2022,BirdLife Data Zone,http://datazone.birdlife.org/species/results?thrlev1=&thrlev2=&kw=&fam=0&gen=0&spc=&cmn=&reg=11&cty=30&incvag=Y
Phoenicoparrus andinus,Phoenicoparrus andinus,VU,Global,2022,BirdLife Data Zone,http://datazone.birdlife.org/species/results?thrlev1=&thrlev2=&kw=&fam=0&gen=0&spc=&cmn=&reg=11&cty=30&incvag=Y
Columbina cyanopis,Columbina cyanopis,CR,Global,2022,BirdLife Data Zone,http://datazone.birdlife.org/species/results?thrlev1=&thrlev2=&kw=&fam=0&gen=0&spc=&cmn=&reg=11&cty=30&incvag=Y
Paraclaravis geoffroyi,Paraclaravis geoffroyi,CR,Global,2022,BirdLife Data Zone,http://datazone.birdlife.org/species/results?thrlev1=&thrlev2=&kw=&fam=0&gen=0&spc=&cmn=&reg=11&cty=30&incvag=Y
Hydropsalis anomala,Eleothreptus anomalus,VU,Global,2022,BirdLife Data Zone,http://datazone.birdlife.org/species/results?thrlev1=&thrlev2=&kw=&fam=0&gen=0&spc=&cmn=&reg=11&cty=30&incvag=Y
Hydropsalis candicans,Eleothreptus candicans,VU,Global,2022,BirdLife Data Zone,http://datazone.birdlife.org/species/results?thrlev1=&thrlev2=&kw=&fam=0&gen=0&spc=&cmn=&reg=11&cty=30&incvag=Y
Cypseloides niger,Cypseloides niger,VU,Global,2022,BirdLife Data Zone,http://datazone.birdlife.org/species/results?thrlev1=&thrlev2=&kw=&fam=0&gen=0&spc=&cmn=&reg=11&cty=30&incvag=Y
Chaetura pelagica,Chaetura pelagica,VU,Global,2022,BirdLife Data Zone,http://datazone.birdlife.org/species/results?thrlev1=&thrlev2=&kw=&fam=0&gen=0&spc=&cmn=&reg=11&cty=30&incvag=Y
Glaucis dohrnii,Glaucis dohrnii,VU,Global,2022,BirdLife Data Zone,http://datazone.birdlife.org/species/results?thrlev1=&thrlev2=&kw=&fam=0&gen=0&spc=&cmn=&reg=11&cty=30&incvag=Y
Phaethornis aethopygus,Phaethornis aethopygus,VU,Global,2022,BirdLife Data Zone,http://datazone.birdlife.org/species/results?thrlev1=&thrlev2=&kw=&fam=0&gen=0&spc=&cmn=&reg=11&cty=30&incvag=Y
Augastes lumachella,Augastes lumachella,NT,Global,2022,BirdLife Data Zone,http://datazone.birdlife.org/species/results?thrlev1=&thrlev2=&kw=&fam=0&gen=0&spc=&cmn=&reg=11&cty=30&incvag=Y
Lophornis gouldii,Lophornis gouldii,NT,Global,2022,BirdLife Data Zone,http://datazone.birdlife.org/species/results?thrlev1=&thrlev2=&kw=&fam=0&gen=0&spc=&cmn=&reg=11&cty=30&incvag=Y
Lophornis chalybeus,Lophornis chalybeus,NT,Global,2022,BirdLife Data Zone,http://datazone.birdlife.org/species/results?thrlev1=&thrlev2=&kw=&fam=0&gen=0&spc=&cmn=&reg=11&cty=30&incvag=Y
Campylopterus calcirupicola,Campylopterus calcirupicola,VU,Global,2022,BirdLife Data Zone,http://datazone.birdlife.org/species/results?thrlev1=&thrlev2=&kw=&fam=0&gen=0&spc=&cmn=&reg=11&cty=30&incvag=Y
Campylopterus diamantinensis,Campylopterus diamantinensis,NT,Global,2022,BirdLife Data Zone,http://datazone.birdlife.org/species/results?thrlev1=&thrlev2=&kw=&fam=0&gen=0&spc=&cmn=&reg=11&cty=30&incvag=Y
Thalurania watertonii,Thalurania watertonii,EN,Global,2022,BirdLife Data Zone,http://datazone.birdlife.org/species/results?thrlev1=&thrlev2=&kw=&fam=0&gen=0&spc=&cmn=&reg=11&cty=30&incvag=Y
Neomorphus geoffroyi,Neomorphus geoffroyi,VU,Global,2022,BirdLife Data Zone,http://datazone.birdlife.org/species/results?thrlev1=&thrlev2=&kw=&fam=0&gen=0&spc=&cmn=&reg=11&cty=30&incvag=Y
Laterallus jamaicensis,Laterallus jamaicensis,EN,Global,2022,BirdLife Data Zone,http://datazone.birdlife.org/species/results?thrlev1=&thrlev2=&kw=&fam=0&gen=0&spc=&cmn=&reg=11&cty=30&incvag=Y
Laterallus xenopterus,Laterallus xenopterus,VU,Global,2022,BirdLife Data Zone,http://datazone.birdlife.org/species/results?thrlev1=&thrlev2=&kw=&fam=0&gen=0&spc=&cmn=&reg=11&cty=30&incvag=Y
Laterallus spilopterus,Laterallus spilopterus,VU,Global,2022,BirdLife Data Zone,http://datazone.birdlife.org/species/results?thrlev1=&thrlev2=&kw=&fam=0&gen=0&spc=&cmn=&reg=11&cty=30&incvag=Y
Psophia leucoptera,Psophia leucoptera,NT,Global,2022,BirdLife Data Zone,http://datazone.birdlife.org/species/results?thrlev1=&thrlev2=&kw=&fam=0&gen=0&spc=&cmn=&reg=11&cty=30&incvag=Y
Psophia viridis,Psophia viridis,VU,Global,2022,BirdLife Data Zone,http://datazone.birdlife.org/species/results?thrlev1=&thrlev2=&kw=&fam=0&gen=0&spc=&cmn=&reg=11&cty=30&incvag=Y
Psophia dextralis,Psophia dextralis,EN,Global,2022,BirdLife Data Zone,http://datazone.birdlife.org/species/results?thrlev1=&thrlev2=&kw=&fam=0&gen=0&spc=&cmn=&reg=11&cty=30&incvag=Y
Psophia obscura,Psophia obscura,CR,Global,2022,BirdLife Data Zone,http://datazone.birdlife.org/species/results?thrlev1=&thrlev2=&kw=&fam=0&gen=0&spc=&cmn=&reg=11&cty=30&incvag=Y
Eudyptes chrysolophus,Eudyptes chrysolophus,VU,Global,2022,BirdLife Data Zone,http://datazone.birdlife.org/species/results?thrlev1=&thrlev2=&kw=&fam=0&gen=0&spc=&cmn=&reg=11&cty=30&incvag=Y
Hydrobates leucorhous,Hydrobates leucorhous,VU,Global,2022,BirdLife Data Zone,http://datazone.birdlife.org/species/results?thrlev1=&thrlev2=&kw=&fam=0&gen=0&spc=&cmn=&reg=11&cty=30&incvag=Y
Diomedea sanfordi,Diomedea sanfordi,EN,Global,2022,BirdLife Data Zone,http://datazone.birdlife.org/species/results?thrlev1=&thrlev2=&kw=&fam=0&gen=0&spc=&cmn=&reg=11&cty=30&incvag=Y
Diomedea epomophora,Diomedea epomophora,VU,Global,2022,BirdLife Data Zone,http://datazone.birdlife.org/species/results?thrlev1=&thrlev2=&kw=&fam=0&gen=0&spc=&cmn=&reg=11&cty=30&incvag=Y
Diomedea exulans,Diomedea exulans,VU,Global,2022,BirdLife Data Zone,http://datazone.birdlife.org/species/results?thrlev1=&thrlev2=&kw=&fam=0&gen=0&spc=&cmn=&reg=11&cty=30&incvag=Y
Diomedea dabbenena,Diomedea dabbenena,CR,Global,2022,BirdLife Data Zone,http://datazone.birdlife.org/species/results?thrlev1=&thrlev2=&kw=&fam=0&gen=0&spc=&cmn=&reg=11&cty=30&incvag=Y
Phoebetria fusca,Phoebetria fusca,EN,Global,2022,BirdLife Data Zone,http://datazone.birdlife.org/species/results?thrlev1=&thrlev2=&kw=&fam=0&gen=0&spc=&cmn=&reg=11&cty=30&incvag=Y
Phoebetria palpebrata,Phoebetria palpebrata,NT,Global,2022,BirdLife Data Zone,http://datazone.birdlife.org/species/results?thrlev1=&thrlev2=&kw=&fam=0&gen=0&spc=&cmn=&reg=11&cty=30&incvag=Y
Thalassarche chlororhynchos,Thalassarche chlororhynchos,EN,Global,2022,BirdLife Data Zone,http://datazone.birdlife.org/species/results?thrlev1=&thrlev2=&kw=&fam=0&gen=0&spc=&cmn=&reg=11&cty=30&incvag=Y
Thalassarche chrysostoma,Thalassarche chrysostoma,EN,Global,2022,BirdLife Data Zone,http://datazone.birdlife.org/species/results?thrlev1=&thrlev2=&kw=&fam=0&gen=0&spc=&cmn=&reg=11&cty=30&incvag=Y
Thalassarche cauta,Thalassarche cauta,NT,Global,2022,BirdLife Data Zone,http://datazone.birdlife.org/species/results?thrlev1=&thrlev2=&kw=&fam=0&gen=0&spc=&cmn=&reg=11&cty=30&incvag=Y
Thalassarche cauta steadi,Thalassarche steadi,NT,Global,2022,BirdLife Data Zone,http://datazone.birdlife.org/species/results?thrlev1=&thrlev2=&kw=&fam=0&gen=0&spc=&cmn=&reg=11&cty=30&incvag=Y
Pterodroma arminjoniana,Pterodroma arminjoniana,VU,Global,2022,BirdLife Data Zone,http://datazone.birdlife.org/species/results?thrlev1=&thrlev2=&kw=&fam=0&gen=0&spc=&cmn=&reg=11&cty=30&incvag=Y
Pterodroma deserta,Pterodroma deserta,VU,Global,2022,BirdLife Data Zone,http://datazone.birdlife.org/species/results?thrlev1=&thrlev2=&kw=&fam=0&gen=0&spc=&cmn=&reg=11&cty=30&incvag=Y
Pterodroma incerta,Pterodroma incerta,EN,Global,2022,BirdLife Data Zone,http://datazone.birdlife.org/species/results?thrlev1=&thrlev2=&kw=&fam=0&gen=0&spc=&cmn=&reg=11&cty=30&incvag=Y
Procellaria cinerea,Procellaria cinerea,NT,Global,2022,BirdLife Data Zone,http://datazone.birdlife.org/species/results?thrlev1=&thrlev2=&kw=&fam=0&gen=0&spc=&cmn=&reg=11&cty=30&incvag=Y
Procellaria aequinoctialis,Procellaria aequinoctialis,VU,Global,2022,BirdLife Data Zone,http://datazone.birdlife.org/species/results?thrlev1=&thrlev2=&kw=&fam=0&gen=0&spc=&cmn=&reg=11&cty=30&incvag=Y
Procellaria conspicillata,Procellaria conspicillata,VU,Global,2022,BirdLife Data Zone,http://datazone.birdlife.org/species/results?thrlev1=&thrlev2=&kw=&fam=0&gen=0&spc=&cmn=&reg=11&cty=30&incvag=Y
Ardenna grisea,Ardenna grisea,NT,Global,2022,BirdLife Data Zone,http://datazone.birdlife.org/species/results?thrlev1=&thrlev2=&kw=&fam=0&gen=0&spc=&cmn=&reg=11&cty=30&incvag=Y
Calonectris edwardsii,Calonectris edwardsii,NT,Global,2022,BirdLife Data Zone,http://datazone.birdlife.org/species/results?thrlev1=&thrlev2=&kw=&fam=0&gen=0&spc=&cmn=&reg=11&cty=30&incvag=Y
Agamia agami,Agamia agami,VU,Global,2022,BirdLife Data Zone,http://datazone.birdlife.org/species/results?thrlev1=&thrlev2=&kw=&fam=0&gen=0&spc=&cmn=&reg=11&cty=30&incvag=Y
Fregata aquila,Fregata aquila,VU,Global,2022,BirdLife Data Zone,http://datazone.birdlife.org/species/results?thrlev1=&thrlev2=&kw=&fam=0&gen=0&spc=&cmn=&reg=11&cty=30&incvag=Y
Morus capensis,Morus capensis,EN,Global,2022,BirdLife Data Zone,http://datazone.birdlife.org/species/results?thrlev1=&thrlev2=&kw=&fam=0&gen=0&spc=&cmn=&reg=11&cty=30&incvag=Y
Numenius borealis,Numenius borealis,CR(PE),Global,2022,BirdLife Data Zone,http://datazone.birdlife.org/species/results?thrlev1=&thrlev2=&kw=&fam=0&gen=0&spc=&cmn=&reg=11&cty=30&incvag=Y
Limosa lapponica,Limosa lapponica,NT,Global,2022,BirdLife Data Zone,http://datazone.birdlife.org/species/results?thrlev1=&thrlev2=&kw=&fam=0&gen=0&spc=&cmn=&reg=11&cty=30&incvag=Y
Calidris canutus,Calidris canutus,NT,Global,2022,BirdLife Data Zone,http://datazone.birdlife.org/species/results?thrlev1=&thrlev2=&kw=&fam=0&gen=0&spc=&cmn=&reg=11&cty=30&incvag=Y
Calidris subruficollis,Calidris subruficollis,NT,Global,2022,BirdLife Data Zone,http://datazone.birdlife.org/species/results?thrlev1=&thrlev2=&kw=&fam=0&gen=0&spc=&cmn=&reg=11&cty=30&incvag=Y
Calidris pusilla,Calidris pusilla,NT,Global,2022,BirdLife Data Zone,http://datazone.birdlife.org/species/results?thrlev1=&thrlev2=&kw=&fam=0&gen=0&spc=&cmn=&reg=11&cty=30&incvag=Y
Larus atlanticus,Larus atlanticus,NT,Global,2022,BirdLife Data Zone,http://datazone.birdlife.org/species/results?thrlev1=&thrlev2=&kw=&fam=0&gen=0&spc=&cmn=&reg=11&cty=30&incvag=Y
Glaucidium mooreorum,Glaucidium mooreorum,CR(PE),Global,2022,BirdLife Data Zone,http://datazone.birdlife.org/species/results?thrlev1=&thrlev2=&kw=&fam=0&gen=0&spc=&cmn=&reg=11&cty=30&incvag=Y
Vultur gryphus,Vultur gryphus,VU,Global,2022,BirdLife Data Zone,http://datazone.birdlife.org/species/results?thrlev1=&thrlev2=&kw=&fam=0&gen=0&spc=&cmn=&reg=11&cty=30&incvag=Y
Leptodon forbesi,Leptodon forbesi,EN,Global,2022,BirdLife Data Zone,http://datazone.birdlife.org/species/results?thrlev1=&thrlev2=&kw=&fam=0&gen=0&spc=&cmn=&reg=11&cty=30&incvag=Y
Morphnus guianensis,Morphnus guianensis,NT,Global,2022,BirdLife Data Zone,http://datazone.birdlife.org/species/results?thrlev1=&thrlev2=&kw=&fam=0&gen=0&spc=&cmn=&reg=11&cty=30&incvag=Y
Harpia harpyja,Harpia harpyja,VU,Global,2022,BirdLife Data Zone,http://datazone.birdlife.org/species/results?thrlev1=&thrlev2=&kw=&fam=0&gen=0&spc=&cmn=&reg=11&cty=30&incvag=Y
Spizaetus ornatus,Spizaetus ornatus,NT,Global,2022,BirdLife Data Zone,http://datazone.birdlife.org/species/results?thrlev1=&thrlev2=&kw=&fam=0&gen=0&spc=&cmn=&reg=11&cty=30&incvag=Y
Accipiter poliogaster,Accipiter poliogaster,NT,Global,2022,BirdLife Data Zone,http://datazone.birdlife.org/species/results?thrlev1=&thrlev2=&kw=&fam=0&gen=0&spc=&cmn=&reg=11&cty=30&incvag=Y
Buteogallus aequinoctialis,Buteogallus aequinoctialis,NT,Global,2022,BirdLife Data Zone,http://datazone.birdlife.org/species/results?thrlev1=&thrlev2=&kw=&fam=0&gen=0&spc=&cmn=&reg=11&cty=30&incvag=Y
Amadonastur lacernulatus,Buteogallus lacernulatus,VU,Global,2022,BirdLife Data Zone,http://datazone.birdlife.org/species/results?thrlev1=&thrlev2=&kw=&fam=0&gen=0&spc=&cmn=&reg=11&cty=30&incvag=Y
Urubitinga coronata,Buteogallus coronatus,EN,Global,2022,BirdLife Data Zone,http://datazone.birdlife.org/species/results?thrlev1=&thrlev2=&kw=&fam=0&gen=0&spc=&cmn=&reg=11&cty=30&incvag=Y
Pseudastur polionotus,Pseudastur polionotus,NT,Global,2022,BirdLife Data Zone,http://datazone.birdlife.org/species/results?thrlev1=&thrlev2=&kw=&fam=0&gen=0&spc=&cmn=&reg=11&cty=30&incvag=Y
Jacamaralcyon tridactyla,Jacamaralcyon tridactyla,NT,Global,2022,BirdLife Data Zone,http://datazone.birdlife.org/species/results?thrlev1=&thrlev2=&kw=&fam=0&gen=0&spc=&cmn=&reg=11&cty=30&incvag=Y
Malacoptila minor,Malacoptila minor,EN,Global,2022,BirdLife Data Zone,http://datazone.birdlife.org/species/results?thrlev1=&thrlev2=&kw=&fam=0&gen=0&spc=&cmn=&reg=11&cty=30&incvag=Y
Ramphastos vitellinus ariel,Ramphastos ariel,EN,Global,2022,BirdLife Data Zone,http://datazone.birdlife.org/species/results?thrlev1=&thrlev2=&kw=&fam=0&gen=0&spc=&cmn=&reg=11&cty=30&incvag=Y
Pteroglossus bailloni,Pteroglossus bailloni,NT,Global,2022,BirdLife Data Zone,http://datazone.birdlife.org/species/results?thrlev1=&thrlev2=&kw=&fam=0&gen=0&spc=&cmn=&reg=11&cty=30&incvag=Y
Pteroglossus bitorquatus,Pteroglossus bitorquatus,EN,Global,2022,BirdLife Data Zone,http://datazone.birdlife.org/species/results?thrlev1=&thrlev2=&kw=&fam=0&gen=0&spc=&cmn=&reg=11&cty=30&incvag=Y
Capito dayi,Capito dayi,VU,Global,2022,BirdLife Data Zone,http://datazone.birdlife.org/species/results?thrlev1=&thrlev2=&kw=&fam=0&gen=0&spc=&cmn=&reg=11&cty=30&incvag=Y
Picumnus spilogaster,Picumnus spilogaster,VU,Global,2022,BirdLife Data Zone,http://datazone.birdlife.org/species/results?thrlev1=&thrlev2=&kw=&fam=0&gen=0&spc=&cmn=&reg=11&cty=30&incvag=Y
Picumnus varzeae,Picumnus varzeae,NT,Global,2022,BirdLife Data Zone,http://datazone.birdlife.org/species/results?thrlev1=&thrlev2=&kw=&fam=0&gen=0&spc=&cmn=&reg=11&cty=30&incvag=Y
Picumnus limae,Picumnus fulvescens,NT,Global,2022,BirdLife Data Zone,http://datazone.birdlife.org/species/results?thrlev1=&thrlev2=&kw=&fam=0&gen=0&spc=&cmn=&reg=11&cty=30&incvag=Y
Picumnus nebulosus,Picumnus nebulosus,NT,Global,2022,BirdLife Data Zone,http://datazone.birdlife.org/species/results?thrlev1=&thrlev2=&kw=&fam=0&gen=0&spc=&cmn=&reg=11&cty=30&incvag=Y
Piculus aurulentus,Piculus aurulentus,NT,Global,2022,BirdLife Data Zone,http://datazone.birdlife.org/species/results?thrlev1=&thrlev2=&kw=&fam=0&gen=0&spc=&cmn=&reg=11&cty=30&incvag=Y
Celeus torquatus,Celeus torquatus,NT,Global,2022,BirdLife Data Zone,http://datazone.birdlife.org/species/results?thrlev1=&thrlev2=&kw=&fam=0&gen=0&spc=&cmn=&reg=11&cty=30&incvag=Y
Celeus torquatus tinnunculus,Celeus tinnunculus,VU,Global,2022,BirdLife Data Zone,http://datazone.birdlife.org/species/results?thrlev1=&thrlev2=&kw=&fam=0&gen=0&spc=&cmn=&reg=11&cty=30&incvag=Y
Celeus obrieni,Celeus obrieni,VU,Global,2022,BirdLife Data Zone,http://datazone.birdlife.org/species/results?thrlev1=&thrlev2=&kw=&fam=0&gen=0&spc=&cmn=&reg=11&cty=30&incvag=Y
Celeus galeatus,Celeus galeatus,VU,Global,2022,BirdLife Data Zone,http://datazone.birdlife.org/species/results?thrlev1=&thrlev2=&kw=&fam=0&gen=0&spc=&cmn=&reg=11&cty=30&incvag=Y
Falco deiroleucus,Falco deiroleucus,NT,Global,2022,BirdLife Data Zone,http://datazone.birdlife.org/species/results?thrlev1=&thrlev2=&kw=&fam=0&gen=0&spc=&cmn=&reg=11&cty=30&incvag=Y
Touit melanonotus,Touit melanonotus,NT,Global,2022,BirdLife Data Zone,http://datazone.birdlife.org/species/results?thrlev1=&thrlev2=&kw=&fam=0&gen=0&spc=&cmn=&reg=11&cty=30&incvag=Y
Touit surdus,Touit surdus,VU,Global,2022,BirdLife Data Zone,http://datazone.birdlife.org/species/results?thrlev1=&thrlev2=&kw=&fam=0&gen=0&spc=&cmn=&reg=11&cty=30&incvag=Y
Pyrilia aurantiocephala,Pyrilia aurantiocephala,NT,Global,2022,BirdLife Data Zone,http://datazone.birdlife.org/species/results?thrlev1=&thrlev2=&kw=&fam=0&gen=0&spc=&cmn=&reg=11&cty=30&incvag=Y
Pionus reichenowi,Pionus reichenowi,VU,Global,2022,BirdLife Data Zone,http://datazone.birdlife.org/species/results?thrlev1=&thrlev2=&kw=&fam=0&gen=0&spc=&cmn=&reg=11&cty=30&incvag=Y
Alipiopsitta xanthops,Alipiopsitta xanthops,NT,Global,2022,BirdLife Data Zone,http://datazone.birdlife.org/species/results?thrlev1=&thrlev2=&kw=&fam=0&gen=0&spc=&cmn=&reg=11&cty=30&incvag=Y
Amazona vinacea,Amazona vinacea,EN,Global,2022,BirdLife Data Zone,http://datazone.birdlife.org/species/results?thrlev1=&thrlev2=&kw=&fam=0&gen=0&spc=&cmn=&reg=11&cty=30&incvag=Y
Amazona pretrei,Amazona pretrei,VU,Global,2022,BirdLife Data Zone,http://datazone.birdlife.org/species/results?thrlev1=&thrlev2=&kw=&fam=0&gen=0&spc=&cmn=&reg=11&cty=30&incvag=Y
Amazona dufresniana,Amazona dufresniana,NT,Global,2022,BirdLife Data Zone,http://datazone.birdlife.org/species/results?thrlev1=&thrlev2=&kw=&fam=0&gen=0&spc=&cmn=&reg=11&cty=30&incvag=Y
Amazona rhodocorytha,Amazona rhodocorytha,VU,Global,2022,BirdLife Data Zone,http://datazone.birdlife.org/species/results?thrlev1=&thrlev2=&kw=&fam=0&gen=0&spc=&cmn=&reg=11&cty=30&incvag=Y
Amazona aestiva,Amazona aestiva,NT,Global,2022,BirdLife Data Zone,http://datazone.birdlife.org/species/results?thrlev1=&thrlev2=&kw=&fam=0&gen=0&spc=&cmn=&reg=11&cty=30&incvag=Y
Amazona brasiliensis,Amazona brasiliensis,NT,Global,2022,BirdLife Data Zone,http://datazone.birdlife.org/species/results?thrlev1=&thrlev2=&kw=&fam=0&gen=0&spc=&cmn=&reg=11&cty=30&incvag=Y
Pionites leucogaster,Pionites leucogaster,VU,Global,2022,BirdLife Data Zone,http://datazone.birdlife.org/species/results?thrlev1=&thrlev2=&kw=&fam=0&gen=0&spc=&cmn=&reg=11&cty=30&incvag=Y
Pyrrhura cruentata,Pyrrhura cruentata,VU,Global,2022,BirdLife Data Zone,http://datazone.birdlife.org/species/results?thrlev1=&thrlev2=&kw=&fam=0&gen=0&spc=&cmn=&reg=11&cty=30&incvag=Y
Pyrrhura coerulescens,Pyrrhura lepida,VU,Global,2022,BirdLife Data Zone,http://datazone.birdlife.org/species/results?thrlev1=&thrlev2=&kw=&fam=0&gen=0&spc=&cmn=&reg=11&cty=30&incvag=Y
Pyrrhura pfrimeri,Pyrrhura pfrimeri,EN,Global,2022,BirdLife Data Zone,http://datazone.birdlife.org/species/results?thrlev1=&thrlev2=&kw=&fam=0&gen=0&spc=&cmn=&reg=11&cty=30&incvag=Y
Pyrrhura griseipectus,Pyrrhura griseipectus,EN,Global,2022,BirdLife Data Zone,http://datazone.birdlife.org/species/results?thrlev1=&thrlev2=&kw=&fam=0&gen=0&spc=&cmn=&reg=11&cty=30&incvag=Y
Pyrrhura leucotis,Pyrrhura leucotis,VU,Global,2022,BirdLife Data Zone,http://datazone.birdlife.org/species/results?thrlev1=&thrlev2=&kw=&fam=0&gen=0&spc=&cmn=&reg=11&cty=30&incvag=Y
Pyrrhura amazonum,Pyrrhura amazonum,NT,Global,2022,BirdLife Data Zone,http://datazone.birdlife.org/species/results?thrlev1=&thrlev2=&kw=&fam=0&gen=0&spc=&cmn=&reg=11&cty=30&incvag=Y
Anodorhynchus hyacinthinus,Anodorhynchus hyacinthinus,VU,Global,2022,BirdLife Data Zone,http://datazone.birdlife.org/species/results?thrlev1=&thrlev2=&kw=&fam=0&gen=0&spc=&cmn=&reg=11&cty=30&incvag=Y
Anodorhynchus leari,Anodorhynchus leari,EN,Global,2022,BirdLife Data Zone,http://datazone.birdlife.org/species/results?thrlev1=&thrlev2=&kw=&fam=0&gen=0&spc=&cmn=&reg=11&cty=30&incvag=Y
Anodorhynchus glaucus,Anodorhynchus glaucus,CR(PE),Global,2022,BirdLife Data Zone,http://datazone.birdlife.org/species/results?thrlev1=&thrlev2=&kw=&fam=0&gen=0&spc=&cmn=&reg=11&cty=30&incvag=Y
Aratinga solstitialis,Aratinga solstitialis,EN,Global,2022,BirdLife Data Zone,http://datazone.birdlife.org/species/results?thrlev1=&thrlev2=&kw=&fam=0&gen=0&spc=&cmn=&reg=11&cty=30&incvag=Y
Cyanopsitta spixii,Cyanopsitta spixii,EW,Global,2022,BirdLife Data Zone,http://datazone.birdlife.org/species/results?thrlev1=&thrlev2=&kw=&fam=0&gen=0&spc=&cmn=&reg=11&cty=30&incvag=Y
Primolius couloni,Primolius couloni,VU,Global,2022,BirdLife Data Zone,http://datazone.birdlife.org/species/results?thrlev1=&thrlev2=&kw=&fam=0&gen=0&spc=&cmn=&reg=11&cty=30&incvag=Y
Primolius maracana,Primolius maracana,NT,Global,2022,BirdLife Data Zone,http://datazone.birdlife.org/species/results?thrlev1=&thrlev2=&kw=&fam=0&gen=0&spc=&cmn=&reg=11&cty=30&incvag=Y
Guaruba guarouba,Guaruba guarouba,VU,Global,2022,BirdLife Data Zone,http://datazone.birdlife.org/species/results?thrlev1=&thrlev2=&kw=&fam=0&gen=0&spc=&cmn=&reg=11&cty=30&incvag=Y
Epinecrophylla gutturalis,Epinecrophylla gutturalis,NT,Global,2022,BirdLife Data Zone,http://datazone.birdlife.org/species/results?thrlev1=&thrlev2=&kw=&fam=0&gen=0&spc=&cmn=&reg=11&cty=30&incvag=Y
Clytoctantes atrogularis,Clytoctantes atrogularis,VU,Global,2022,BirdLife Data Zone,http://datazone.birdlife.org/species/results?thrlev1=&thrlev2=&kw=&fam=0&gen=0&spc=&cmn=&reg=11&cty=30&incvag=Y
Formicivora iheringi,Formicivora iheringi,NT,Global,2022,BirdLife Data Zone,http://datazone.birdlife.org/species/results?thrlev1=&thrlev2=&kw=&fam=0&gen=0&spc=&cmn=&reg=11&cty=30&incvag=Y
Formicivora erythronotos,Formicivora erythronotos,EN,Global,2022,BirdLife Data Zone,http://datazone.birdlife.org/species/results?thrlev1=&thrlev2=&kw=&fam=0&gen=0&spc=&cmn=&reg=11&cty=30&incvag=Y
Formicivora grantsaui,Formicivora grantsaui,EN,Global,2022,BirdLife Data Zone,http://datazone.birdlife.org/species/results?thrlev1=&thrlev2=&kw=&fam=0&gen=0&spc=&cmn=&reg=11&cty=30&incvag=Y
Formicivora acutirostris,Formicivora acutirostris,NT,Global,2022,BirdLife Data Zone,http://datazone.birdlife.org/species/results?thrlev1=&thrlev2=&kw=&fam=0&gen=0&spc=&cmn=&reg=11&cty=30&incvag=Y
Formicivora paludicola,Formicivora paludicola,CR,Global,2022,BirdLife Data Zone,http://datazone.birdlife.org/species/results?thrlev1=&thrlev2=&kw=&fam=0&gen=0&spc=&cmn=&reg=11&cty=30&incvag=Y
Myrmotherula surinamensis,Myrmotherula surinamensis,VU,Global,2022,BirdLife Data Zone,http://datazone.birdlife.org/species/results?thrlev1=&thrlev2=&kw=&fam=0&gen=0&spc=&cmn=&reg=11&cty=30&incvag=Y
Myrmotherula klagesi,Myrmotherula klagesi,VU,Global,2022,BirdLife Data Zone,http://datazone.birdlife.org/species/results?thrlev1=&thrlev2=&kw=&fam=0&gen=0&spc=&cmn=&reg=11&cty=30&incvag=Y
Myrmotherula minor,Myrmotherula minor,VU,Global,2022,BirdLife Data Zone,http://datazone.birdlife.org/species/results?thrlev1=&thrlev2=&kw=&fam=0&gen=0&spc=&cmn=&reg=11&cty=30&incvag=Y
Myrmotherula urosticta,Myrmotherula urosticta,VU,Global,2022,BirdLife Data Zone,http://datazone.birdlife.org/species/results?thrlev1=&thrlev2=&kw=&fam=0&gen=0&spc=&cmn=&reg=11&cty=30&incvag=Y
Myrmotherula unicolor,Myrmotherula unicolor,NT,Global,2022,BirdLife Data Zone,http://datazone.birdlife.org/species/results?thrlev1=&thrlev2=&kw=&fam=0&gen=0&spc=&cmn=&reg=11&cty=30&incvag=Y
Myrmotherula snowi,Myrmotherula snowi,CR,Global,2022,BirdLife Data Zone,http://datazone.birdlife.org/species/results?thrlev1=&thrlev2=&kw=&fam=0&gen=0&spc=&cmn=&reg=11&cty=30&incvag=Y
Terenura sicki,Terenura sicki,CR,Global,2022,BirdLife Data Zone,http://datazone.birdlife.org/species/results?thrlev1=&thrlev2=&kw=&fam=0&gen=0&spc=&cmn=&reg=11&cty=30&incvag=Y
Dysithamnus stictothorax,Dysithamnus stictothorax,NT,Global,2022,BirdLife Data Zone,http://datazone.birdlife.org/species/results?thrlev1=&thrlev2=&kw=&fam=0&gen=0&spc=&cmn=&reg=11&cty=30&incvag=Y
Dysithamnus plumbeus,Dysithamnus plumbeus,VU,Global,2022,BirdLife Data Zone,http://datazone.birdlife.org/species/results?thrlev1=&thrlev2=&kw=&fam=0&gen=0&spc=&cmn=&reg=11&cty=30&incvag=Y
Herpsilochmus pileatus,Herpsilochmus pileatus,VU,Global,2022,BirdLife Data Zone,http://datazone.birdlife.org/species/results?thrlev1=&thrlev2=&kw=&fam=0&gen=0&spc=&cmn=&reg=11&cty=30&incvag=Y
Herpsilochmus pectoralis,Herpsilochmus pectoralis,VU,Global,2022,BirdLife Data Zone,http://datazone.birdlife.org/species/results?thrlev1=&thrlev2=&kw=&fam=0&gen=0&spc=&cmn=&reg=11&cty=30&incvag=Y
Thamnophilus cryptoleucus,Thamnophilus cryptoleucus,NT,Global,2022,BirdLife Data Zone,http://datazone.birdlife.org/species/results?thrlev1=&thrlev2=&kw=&fam=0&gen=0&spc=&cmn=&reg=11&cty=30&incvag=Y
Thamnophilus nigrocinereus,Thamnophilus nigrocinereus,NT,Global,2022,BirdLife Data Zone,http://datazone.birdlife.org/species/results?thrlev1=&thrlev2=&kw=&fam=0&gen=0&spc=&cmn=&reg=11&cty=30&incvag=Y
Biatas nigropectus,Biatas nigropectus,VU,Global,2022,BirdLife Data Zone,http://datazone.birdlife.org/species/results?thrlev1=&thrlev2=&kw=&fam=0&gen=0&spc=&cmn=&reg=11&cty=30&incvag=Y
Cercomacra brasiliana,Cercomacra brasiliana,NT,Global,2022,BirdLife Data Zone,http://datazone.birdlife.org/species/results?thrlev1=&thrlev2=&kw=&fam=0&gen=0&spc=&cmn=&reg=11&cty=30&incvag=Y
Cercomacra ferdinandi,Cercomacra ferdinandi,NT,Global,2022,BirdLife Data Zone,http://datazone.birdlife.org/species/results?thrlev1=&thrlev2=&kw=&fam=0&gen=0&spc=&cmn=&reg=11&cty=30&incvag=Y
Cercomacra carbonaria,Cercomacra carbonaria,CR,Global,2022,BirdLife Data Zone,http://datazone.birdlife.org/species/results?thrlev1=&thrlev2=&kw=&fam=0&gen=0&spc=&cmn=&reg=11&cty=30&incvag=Y
Drymophila ochropyga,Drymophila ochropyga,NT,Global,2022,BirdLife Data Zone,http://datazone.birdlife.org/species/results?thrlev1=&thrlev2=&kw=&fam=0&gen=0&spc=&cmn=&reg=11&cty=30&incvag=Y
Hypocnemis ochrogyna,Hypocnemis ochrogyna,VU,Global,2022,BirdLife Data Zone,http://datazone.birdlife.org/species/results?thrlev1=&thrlev2=&kw=&fam=0&gen=0&spc=&cmn=&reg=11&cty=30&incvag=Y
Rhegmatorhina gymnops,Rhegmatorhina gymnops,VU,Global,2022,BirdLife Data Zone,http://datazone.birdlife.org/species/results?thrlev1=&thrlev2=&kw=&fam=0&gen=0&spc=&cmn=&reg=11&cty=30&incvag=Y
Myrmoderus ruficauda,Myrmoderus ruficauda,EN,Global,2022,BirdLife Data Zone,http://datazone.birdlife.org/species/results?thrlev1=&thrlev2=&kw=&fam=0&gen=0&spc=&cmn=&reg=11&cty=30&incvag=Y
Myrmoborus melanurus,Myrmoborus melanurus,VU,Global,2022,BirdLife Data Zone,http://datazone.birdlife.org/species/results?thrlev1=&thrlev2=&kw=&fam=0&gen=0&spc=&cmn=&reg=11&cty=30&incvag=Y
Myrmoborus lugubris,Myrmoborus lugubris,VU,Global,2022,BirdLife Data Zone,http://datazone.birdlife.org/species/results?thrlev1=&thrlev2=&kw=&fam=0&gen=0&spc=&cmn=&reg=11&cty=30&incvag=Y
Pyriglena atra,Pyriglena atra,EN,Global,2022,BirdLife Data Zone,http://datazone.birdlife.org/species/results?thrlev1=&thrlev2=&kw=&fam=0&gen=0&spc=&cmn=&reg=11&cty=30&incvag=Y
Rhopornis ardesiacus,Rhopornis ardesiacus,EN,Global,2022,BirdLife Data Zone,http://datazone.birdlife.org/species/results?thrlev1=&thrlev2=&kw=&fam=0&gen=0&spc=&cmn=&reg=11&cty=30&incvag=Y
Conopophaga cearae,Conopophaga cearae,NT,Global,2022,BirdLife Data Zone,http://datazone.birdlife.org/species/results?thrlev1=&thrlev2=&kw=&fam=0&gen=0&spc=&cmn=&reg=11&cty=30&incvag=Y
Eleoscytalopus psychopompus,Eleoscytalopus psychopompus,EN,Global,2022,BirdLife Data Zone,http://datazone.birdlife.org/species/results?thrlev1=&thrlev2=&kw=&fam=0&gen=0&spc=&cmn=&reg=11&cty=30&incvag=Y
Merulaxis stresemanni,Merulaxis stresemanni,CR,Global,2022,BirdLife Data Zone,http://datazone.birdlife.org/species/results?thrlev1=&thrlev2=&kw=&fam=0&gen=0&spc=&cmn=&reg=11&cty=30&incvag=Y
Scytalopus diamantinensis,Scytalopus diamantinensis,EN,Global,2022,BirdLife Data Zone,http://datazone.birdlife.org/species/results?thrlev1=&thrlev2=&kw=&fam=0&gen=0&spc=&cmn=&reg=11&cty=30&incvag=Y
Scytalopus novacapitalis,Scytalopus novacapitalis,EN,Global,2022,BirdLife Data Zone,http://datazone.birdlife.org/species/results?thrlev1=&thrlev2=&kw=&fam=0&gen=0&spc=&cmn=&reg=11&cty=30&incvag=Y
Scytalopus gonzagai,Scytalopus gonzagai,EN,Global,2022,BirdLife Data Zone,http://datazone.birdlife.org/species/results?thrlev1=&thrlev2=&kw=&fam=0&gen=0&spc=&cmn=&reg=11&cty=30&incvag=Y
Scytalopus iraiensis,Scytalopus iraiensis,EN,Global,2022,BirdLife Data Zone,http://datazone.birdlife.org/species/results?thrlev1=&thrlev2=&kw=&fam=0&gen=0&spc=&cmn=&reg=11&cty=30&incvag=Y
Formicarius rufifrons,Formicarius rufifrons,NT,Global,2022,BirdLife Data Zone,http://datazone.birdlife.org/species/results?thrlev1=&thrlev2=&kw=&fam=0&gen=0&spc=&cmn=&reg=11&cty=30&incvag=Y
Sclerurus albigularis,Sclerurus albigularis,NT,Global,2022,BirdLife Data Zone,http://datazone.birdlife.org/species/results?thrlev1=&thrlev2=&kw=&fam=0&gen=0&spc=&cmn=&reg=11&cty=30&incvag=Y
Sclerurus cearensis,Sclerurus cearensis,VU,Global,2022,BirdLife Data Zone,http://datazone.birdlife.org/species/results?thrlev1=&thrlev2=&kw=&fam=0&gen=0&spc=&cmn=&reg=11&cty=30&incvag=Y
Geositta poeciloptera,Geositta poeciloptera,VU,Global,2022,BirdLife Data Zone,http://datazone.birdlife.org/species/results?thrlev1=&thrlev2=&kw=&fam=0&gen=0&spc=&cmn=&reg=11&cty=30&incvag=Y
Deconychura longicauda pallida,Deconychura pallida,NT,Global,2022,BirdLife Data Zone,http://datazone.birdlife.org/species/results?thrlev1=&thrlev2=&kw=&fam=0&gen=0&spc=&cmn=&reg=11&cty=30&incvag=Y
Dendrocolaptes hoffmannsi,Dendrocolaptes hoffmannsi,VU,Global,2022,BirdLife Data Zone,http://datazone.birdlife.org/species/results?thrlev1=&thrlev2=&kw=&fam=0&gen=0&spc=&cmn=&reg=11&cty=30&incvag=Y
Xiphocolaptes falcirostris,Xiphocolaptes falcirostris,VU,Global,2022,BirdLife Data Zone,http://datazone.birdlife.org/species/results?thrlev1=&thrlev2=&kw=&fam=0&gen=0&spc=&cmn=&reg=11&cty=30&incvag=Y
Xiphorhynchus atlanticus,Xiphorhynchus atlanticus,VU,Global,2022,BirdLife Data Zone,http://datazone.birdlife.org/species/results?thrlev1=&thrlev2=&kw=&fam=0&gen=0&spc=&cmn=&reg=11&cty=30&incvag=Y
Dendroplex kienerii,Dendroplex kienerii,NT,Global,2022,BirdLife Data Zone,http://datazone.birdlife.org/species/results?thrlev1=&thrlev2=&kw=&fam=0&gen=0&spc=&cmn=&reg=11&cty=30&incvag=Y
Campylorhamphus multostriatus,Campylorhamphus multostriatus,NT,Global,2022,BirdLife Data Zone,http://datazone.birdlife.org/species/results?thrlev1=&thrlev2=&kw=&fam=0&gen=0&spc=&cmn=&reg=11&cty=30&incvag=Y
Cinclodes pabsti,Cinclodes pabsti,NT,Global,2022,BirdLife Data Zone,http://datazone.birdlife.org/species/results?thrlev1=&thrlev2=&kw=&fam=0&gen=0&spc=&cmn=&reg=11&cty=30&incvag=Y
Cichlocolaptes mazarbarnetti,Cichlocolaptes mazarbarnetti,EX,Global,2022,BirdLife Data Zone,http://datazone.birdlife.org/species/results?thrlev1=&thrlev2=&kw=&fam=0&gen=0&spc=&cmn=&reg=11&cty=30&incvag=Y
Philydor novaesi,Philydor novaesi,EX,Global,2022,BirdLife Data Zone,http://datazone.birdlife.org/species/results?thrlev1=&thrlev2=&kw=&fam=0&gen=0&spc=&cmn=&reg=11&cty=30&incvag=Y
Anabacerthia amaurotis,Anabacerthia amaurotis,NT,Global,2022,BirdLife Data Zone,http://datazone.birdlife.org/species/results?thrlev1=&thrlev2=&kw=&fam=0&gen=0&spc=&cmn=&reg=11&cty=30&incvag=Y
Syndactyla ucayalae,Syndactyla ucayalae,NT,Global,2022,BirdLife Data Zone,http://datazone.birdlife.org/species/results?thrlev1=&thrlev2=&kw=&fam=0&gen=0&spc=&cmn=&reg=11&cty=30&incvag=Y
Automolus lammi,Automolus lammi,EN,Global,2022,BirdLife Data Zone,http://datazone.birdlife.org/species/results?thrlev1=&thrlev2=&kw=&fam=0&gen=0&spc=&cmn=&reg=11&cty=30&incvag=Y
Leptasthenura setaria,Leptasthenura setaria,NT,Global,2022,BirdLife Data Zone,http://datazone.birdlife.org/species/results?thrlev1=&thrlev2=&kw=&fam=0&gen=0&spc=&cmn=&reg=11&cty=30&incvag=Y
Asthenes luizae,Asthenes luizae,NT,Global,2022,BirdLife Data Zone,http://datazone.birdlife.org/species/results?thrlev1=&thrlev2=&kw=&fam=0&gen=0&spc=&cmn=&reg=11&cty=30&incvag=Y
Asthenes hudsoni,Asthenes hudsoni,NT,Global,2022,BirdLife Data Zone,http://datazone.birdlife.org/species/results?thrlev1=&thrlev2=&kw=&fam=0&gen=0&spc=&cmn=&reg=11&cty=30&incvag=Y
Acrobatornis fonsecai,Acrobatornis fonsecai,VU,Global,2022,BirdLife Data Zone,http://datazone.birdlife.org/species/results?thrlev1=&thrlev2=&kw=&fam=0&gen=0&spc=&cmn=&reg=11&cty=30&incvag=Y
Thripophaga macroura,Thripophaga macroura,VU,Global,2022,BirdLife Data Zone,http://datazone.birdlife.org/species/results?thrlev1=&thrlev2=&kw=&fam=0&gen=0&spc=&cmn=&reg=11&cty=30&incvag=Y
Limnoctites rectirostris,Limnoctites rectirostris,NT,Global,2022,BirdLife Data Zone,http://datazone.birdlife.org/species/results?thrlev1=&thrlev2=&kw=&fam=0&gen=0&spc=&cmn=&reg=11&cty=30&incvag=Y
Synallaxis kollari,Synallaxis kollari,CR,Global,2022,BirdLife Data Zone,http://datazone.birdlife.org/species/results?thrlev1=&thrlev2=&kw=&fam=0&gen=0&spc=&cmn=&reg=11&cty=30&incvag=Y
Synallaxis cinerea,Synallaxis cinerea,NT,Global,2022,BirdLife Data Zone,http://datazone.birdlife.org/species/results?thrlev1=&thrlev2=&kw=&fam=0&gen=0&spc=&cmn=&reg=11&cty=30&incvag=Y
Synallaxis infuscata,Synallaxis infuscata,EN,Global,2022,BirdLife Data Zone,http://datazone.birdlife.org/species/results?thrlev1=&thrlev2=&kw=&fam=0&gen=0&spc=&cmn=&reg=11&cty=30&incvag=Y
Neopelma aurifrons,Neopelma aurifrons,NT,Global,2022,BirdLife Data Zone,http://datazone.birdlife.org/species/results?thrlev1=&thrlev2=&kw=&fam=0&gen=0&spc=&cmn=&reg=11&cty=30&incvag=Y
Lepidothrix iris,Lepidothrix iris,VU,Global,2022,BirdLife Data Zone,http://datazone.birdlife.org/species/results?thrlev1=&thrlev2=&kw=&fam=0&gen=0&spc=&cmn=&reg=11&cty=30&incvag=Y
Antilophia bokermanni,Antilophia bokermanni,CR,Global,2022,BirdLife Data Zone,http://datazone.birdlife.org/species/results?thrlev1=&thrlev2=&kw=&fam=0&gen=0&spc=&cmn=&reg=11&cty=30&incvag=Y
Carpornis melanocephala,Carpornis melanocephala,NT,Global,2022,BirdLife Data Zone,http://datazone.birdlife.org/species/results?thrlev1=&thrlev2=&kw=&fam=0&gen=0&spc=&cmn=&reg=11&cty=30&incvag=Y
Lipaugus conditus,Lipaugus conditus,VU,Global,2022,BirdLife Data Zone,http://datazone.birdlife.org/species/results?thrlev1=&thrlev2=&kw=&fam=0&gen=0&spc=&cmn=&reg=11&cty=30&incvag=Y
Procnias nudicollis,Procnias nudicollis,NT,Global,2022,BirdLife Data Zone,http://datazone.birdlife.org/species/results?thrlev1=&thrlev2=&kw=&fam=0&gen=0&spc=&cmn=&reg=11&cty=30&incvag=Y
Cotinga maculata,Cotinga maculata,CR,Global,2022,BirdLife Data Zone,http://datazone.birdlife.org/species/results?thrlev1=&thrlev2=&kw=&fam=0&gen=0&spc=&cmn=&reg=11&cty=30&incvag=Y
Xipholena lamellipennis,Xipholena lamellipennis,NT,Global,2022,BirdLife Data Zone,http://datazone.birdlife.org/species/results?thrlev1=&thrlev2=&kw=&fam=0&gen=0&spc=&cmn=&reg=11&cty=30&incvag=Y
Xipholena atropurpurea,Xipholena atropurpurea,VU,Global,2022,BirdLife Data Zone,http://datazone.birdlife.org/species/results?thrlev1=&thrlev2=&kw=&fam=0&gen=0&spc=&cmn=&reg=11&cty=30&incvag=Y
Onychorhynchus swainsoni,Onychorhynchus swainsoni,VU,Global,2022,BirdLife Data Zone,http://datazone.birdlife.org/species/results?thrlev1=&thrlev2=&kw=&fam=0&gen=0&spc=&cmn=&reg=11&cty=30&incvag=Y
Iodopleura pipra,Iodopleura pipra,EN,Global,2022,BirdLife Data Zone,http://datazone.birdlife.org/species/results?thrlev1=&thrlev2=&kw=&fam=0&gen=0&spc=&cmn=&reg=11&cty=30&incvag=Y
Tityra inquisitor,Tityra leucura,DD,Global,2022,BirdLife Data Zone,http://datazone.birdlife.org/species/results?thrlev1=&thrlev2=&kw=&fam=0&gen=0&spc=&cmn=&reg=11&cty=30&incvag=Y
Laniisoma elegans,Laniisoma elegans,NT,Global,2022,BirdLife Data Zone,http://datazone.birdlife.org/species/results?thrlev1=&thrlev2=&kw=&fam=0&gen=0&spc=&cmn=&reg=11&cty=30&incvag=Y
Calyptura cristata,Calyptura cristata,CR,Global,2022,BirdLife Data Zone,http://datazone.birdlife.org/species/results?thrlev1=&thrlev2=&kw=&fam=0&gen=0&spc=&cmn=&reg=11&cty=30&incvag=Y
Platyrinchus leucoryphus,Platyrinchus leucoryphus,VU,Global,2022,BirdLife Data Zone,http://datazone.birdlife.org/species/results?thrlev1=&thrlev2=&kw=&fam=0&gen=0&spc=&cmn=&reg=11&cty=30&incvag=Y
Piprites pileata,Piprites pileata,NT,Global,2022,BirdLife Data Zone,http://datazone.birdlife.org/species/results?thrlev1=&thrlev2=&kw=&fam=0&gen=0&spc=&cmn=&reg=11&cty=30&incvag=Y
Phylloscartes beckeri,Phylloscartes beckeri,EN,Global,2022,BirdLife Data Zone,http://datazone.birdlife.org/species/results?thrlev1=&thrlev2=&kw=&fam=0&gen=0&spc=&cmn=&reg=11&cty=30&incvag=Y
Phylloscartes ceciliae,Phylloscartes ceciliae,CR,Global,2022,BirdLife Data Zone,http://datazone.birdlife.org/species/results?thrlev1=&thrlev2=&kw=&fam=0&gen=0&spc=&cmn=&reg=11&cty=30&incvag=Y
Phylloscartes roquettei,Phylloscartes roquettei,EN,Global,2022,BirdLife Data Zone,http://datazone.birdlife.org/species/results?thrlev1=&thrlev2=&kw=&fam=0&gen=0&spc=&cmn=&reg=11&cty=30&incvag=Y
Phylloscartes paulista,Phylloscartes paulista,NT,Global,2022,BirdLife Data Zone,http://datazone.birdlife.org/species/results?thrlev1=&thrlev2=&kw=&fam=0&gen=0&spc=&cmn=&reg=11&cty=30&incvag=Y
Phylloscartes oustaleti,Phylloscartes oustaleti,NT,Global,2022,BirdLife Data Zone,http://datazone.birdlife.org/species/results?thrlev1=&thrlev2=&kw=&fam=0&gen=0&spc=&cmn=&reg=11&cty=30&incvag=Y
Phylloscartes sylviolus,Phylloscartes sylviolus,NT,Global,2022,BirdLife Data Zone,http://datazone.birdlife.org/species/results?thrlev1=&thrlev2=&kw=&fam=0&gen=0&spc=&cmn=&reg=11&cty=30&incvag=Y
Phylloscartes eximius,Pogonotriccus eximius,NT,Global,2022,BirdLife Data Zone,http://datazone.birdlife.org/species/results?thrlev1=&thrlev2=&kw=&fam=0&gen=0&spc=&cmn=&reg=11&cty=30&incvag=Y
Cnipodectes superrufus,Cnipodectes superrufus,VU,Global,2022,BirdLife Data Zone,http://datazone.birdlife.org/species/results?thrlev1=&thrlev2=&kw=&fam=0&gen=0&spc=&cmn=&reg=11&cty=30&incvag=Y
Hemitriccus cohnhafti,Hemitriccus cohnhafti,NT,Global,2022,BirdLife Data Zone,http://datazone.birdlife.org/species/results?thrlev1=&thrlev2=&kw=&fam=0&gen=0&spc=&cmn=&reg=11&cty=30&incvag=Y
Hemitriccus orbitatus,Hemitriccus orbitatus,NT,Global,2022,BirdLife Data Zone,http://datazone.birdlife.org/species/results?thrlev1=&thrlev2=&kw=&fam=0&gen=0&spc=&cmn=&reg=11&cty=30&incvag=Y
Hemitriccus mirandae,Hemitriccus mirandae,VU,Global,2022,BirdLife Data Zone,http://datazone.birdlife.org/species/results?thrlev1=&thrlev2=&kw=&fam=0&gen=0&spc=&cmn=&reg=11&cty=30&incvag=Y
Hemitriccus kaempferi,Hemitriccus kaempferi,VU,Global,2022,BirdLife Data Zone,http://datazone.birdlife.org/species/results?thrlev1=&thrlev2=&kw=&fam=0&gen=0&spc=&cmn=&reg=11&cty=30&incvag=Y
Hemitriccus furcatus,Hemitriccus furcatus,VU,Global,2022,BirdLife Data Zone,http://datazone.birdlife.org/species/results?thrlev1=&thrlev2=&kw=&fam=0&gen=0&spc=&cmn=&reg=11&cty=30&incvag=Y
Zimmerius chicomendesi,Zimmerius chicomendesi,NT,Global,2022,BirdLife Data Zone,http://datazone.birdlife.org/species/results?thrlev1=&thrlev2=&kw=&fam=0&gen=0&spc=&cmn=&reg=11&cty=30&incvag=Y
Euscarthmus rufomarginatus,Euscarthmus rufomarginatus,NT,Global,2022,BirdLife Data Zone,http://datazone.birdlife.org/species/results?thrlev1=&thrlev2=&kw=&fam=0&gen=0&spc=&cmn=&reg=11&cty=30&incvag=Y
Elaenia ridleyana,Elaenia ridleyana,VU,Global,2022,BirdLife Data Zone,http://datazone.birdlife.org/species/results?thrlev1=&thrlev2=&kw=&fam=0&gen=0&spc=&cmn=&reg=11&cty=30&incvag=Y
Phyllomyias griseocapilla,Phyllomyias griseocapilla,NT,Global,2022,BirdLife Data Zone,http://datazone.birdlife.org/species/results?thrlev1=&thrlev2=&kw=&fam=0&gen=0&spc=&cmn=&reg=11&cty=30&incvag=Y
Polystictus pectoralis,Polystictus pectoralis,NT,Global,2022,BirdLife Data Zone,http://datazone.birdlife.org/species/results?thrlev1=&thrlev2=&kw=&fam=0&gen=0&spc=&cmn=&reg=11&cty=30&incvag=Y
Culicivora caudacuta,Culicivora caudacuta,VU,Global,2022,BirdLife Data Zone,http://datazone.birdlife.org/species/results?thrlev1=&thrlev2=&kw=&fam=0&gen=0&spc=&cmn=&reg=11&cty=30&incvag=Y
Pseudocolopteryx dinelliana,Pseudocolopteryx dinelliana,NT,Global,2022,BirdLife Data Zone,http://datazone.birdlife.org/species/results?thrlev1=&thrlev2=&kw=&fam=0&gen=0&spc=&cmn=&reg=11&cty=30&incvag=Y
Guyramemua affine,Guyramemua affinis,NT,Global,2022,BirdLife Data Zone,http://datazone.birdlife.org/species/results?thrlev1=&thrlev2=&kw=&fam=0&gen=0&spc=&cmn=&reg=11&cty=30&incvag=Y
Alectrurus tricolor,Alectrurus tricolor,VU,Global,2022,BirdLife Data Zone,http://datazone.birdlife.org/species/results?thrlev1=&thrlev2=&kw=&fam=0&gen=0&spc=&cmn=&reg=11&cty=30&incvag=Y
Alectrurus risora,Alectrurus risora,VU,Global,2022,BirdLife Data Zone,http://datazone.birdlife.org/species/results?thrlev1=&thrlev2=&kw=&fam=0&gen=0&spc=&cmn=&reg=11&cty=30&incvag=Y
Heteroxolmis dominicanus,Xolmis dominicanus,VU,Global,2022,BirdLife Data Zone,http://datazone.birdlife.org/species/results?thrlev1=&thrlev2=&kw=&fam=0&gen=0&spc=&cmn=&reg=11&cty=30&incvag=Y
Contopus cooperi,Contopus cooperi,NT,Global,2022,BirdLife Data Zone,http://datazone.birdlife.org/species/results?thrlev1=&thrlev2=&kw=&fam=0&gen=0&spc=&cmn=&reg=11&cty=30&incvag=Y
Vireo gracilirostris,Vireo gracilirostris,NT,Global,2022,BirdLife Data Zone,http://datazone.birdlife.org/species/results?thrlev1=&thrlev2=&kw=&fam=0&gen=0&spc=&cmn=&reg=11&cty=30&incvag=Y
Cyanocorax caeruleus,Cyanocorax coeruleus,NT,Global,2022,BirdLife Data Zone,http://datazone.birdlife.org/species/results?thrlev1=&thrlev2=&kw=&fam=0&gen=0&spc=&cmn=&reg=11&cty=30&incvag=Y
Cyanocorax hafferi,Cyanocorax hafferi,NT,Global,2022,BirdLife Data Zone,http://datazone.birdlife.org/species/results?thrlev1=&thrlev2=&kw=&fam=0&gen=0&spc=&cmn=&reg=11&cty=30&incvag=Y
Polioptila lactea,Polioptila lactea,NT,Global,2022,BirdLife Data Zone,http://datazone.birdlife.org/species/results?thrlev1=&thrlev2=&kw=&fam=0&gen=0&spc=&cmn=&reg=11&cty=30&incvag=Y
Cichlopsis leucogenys,Cichlopsis leucogenys,EN,Global,2022,BirdLife Data Zone,http://datazone.birdlife.org/species/results?thrlev1=&thrlev2=&kw=&fam=0&gen=0&spc=&cmn=&reg=11&cty=30&incvag=Y
Anthus nattereri,Anthus nattereri,VU,Global,2022,BirdLife Data Zone,http://datazone.birdlife.org/species/results?thrlev1=&thrlev2=&kw=&fam=0&gen=0&spc=&cmn=&reg=11&cty=30&incvag=Y
Euphonia chalybea,Euphonia chalybea,NT,Global,2022,BirdLife Data Zone,http://datazone.birdlife.org/species/results?thrlev1=&thrlev2=&kw=&fam=0&gen=0&spc=&cmn=&reg=11&cty=30&incvag=Y
Spinus yarrellii,Spinus yarrellii,VU,Global,2022,BirdLife Data Zone,http://datazone.birdlife.org/species/results?thrlev1=&thrlev2=&kw=&fam=0&gen=0&spc=&cmn=&reg=11&cty=30&incvag=Y
Arremon franciscanus,Arremon franciscanus,NT,Global,2022,BirdLife Data Zone,http://datazone.birdlife.org/species/results?thrlev1=&thrlev2=&kw=&fam=0&gen=0&spc=&cmn=&reg=11&cty=30&incvag=Y
Sturnella magna,Sturnella magna,NT,Global,2022,BirdLife Data Zone,http://datazone.birdlife.org/species/results?thrlev1=&thrlev2=&kw=&fam=0&gen=0&spc=&cmn=&reg=11&cty=30&incvag=Y
Leistes defilippii,Leistes defilippii,VU,Global,2022,BirdLife Data Zone,http://datazone.birdlife.org/species/results?thrlev1=&thrlev2=&kw=&fam=0&gen=0&spc=&cmn=&reg=11&cty=30&incvag=Y
Cacicus koepckeae,Cacicus koepckeae,NT,Global,2022,BirdLife Data Zone,http://datazone.birdlife.org/species/results?thrlev1=&thrlev2=&kw=&fam=0&gen=0&spc=&cmn=&reg=11&cty=30&incvag=Y
Anumara forbesi,Anumara forbesi,VU,Global,2022,BirdLife Data Zone,http://datazone.birdlife.org/species/results?thrlev1=&thrlev2=&kw=&fam=0&gen=0&spc=&cmn=&reg=11&cty=30&incvag=Y
Xanthopsar flavus,Xanthopsar flavus,EN,Global,2022,BirdLife Data Zone,http://datazone.birdlife.org/species/results?thrlev1=&thrlev2=&kw=&fam=0&gen=0&spc=&cmn=&reg=11&cty=30&incvag=Y
Setophaga cerulea,Setophaga cerulea,NT,Global,2022,BirdLife Data Zone,http://datazone.birdlife.org/species/results?thrlev1=&thrlev2=&kw=&fam=0&gen=0&spc=&cmn=&reg=11&cty=30&incvag=Y
Setophaga striata,Setophaga striata,NT,Global,2022,BirdLife Data Zone,http://datazone.birdlife.org/species/results?thrlev1=&thrlev2=&kw=&fam=0&gen=0&spc=&cmn=&reg=11&cty=30&incvag=Y
Neothraupis fasciata,Neothraupis fasciata,NT,Global,2022,BirdLife Data Zone,http://datazone.birdlife.org/species/results?thrlev1=&thrlev2=&kw=&fam=0&gen=0&spc=&cmn=&reg=11&cty=30&incvag=Y
Gubernatrix cristata,Gubernatrix cristata,EN,Global,2022,BirdLife Data Zone,http://datazone.birdlife.org/species/results?thrlev1=&thrlev2=&kw=&fam=0&gen=0&spc=&cmn=&reg=11&cty=30&incvag=Y
Thraupis cyanoptera,Tangara cyanoptera,NT,Global,2022,BirdLife Data Zone,http://datazone.birdlife.org/species/results?thrlev1=&thrlev2=&kw=&fam=0&gen=0&spc=&cmn=&reg=11&cty=30&incvag=Y
Stilpnia peruviana,Tangara peruviana,VU,Global,2022,BirdLife Data Zone,http://datazone.birdlife.org/species/results?thrlev1=&thrlev2=&kw=&fam=0&gen=0&spc=&cmn=&reg=11&cty=30&incvag=Y
Tangara fastuosa,Tangara fastuosa,VU,Global,2022,BirdLife Data Zone,http://datazone.birdlife.org/species/results?thrlev1=&thrlev2=&kw=&fam=0&gen=0&spc=&cmn=&reg=11&cty=30&incvag=Y
Charitospiza eucosma,Charitospiza eucosma,NT,Global,2022,BirdLife Data Zone,http://datazone.birdlife.org/species/results?thrlev1=&thrlev2=&kw=&fam=0&gen=0&spc=&cmn=&reg=11&cty=30&incvag=Y
Orchesticus abeillei,Orchesticus abeillei,NT,Global,2022,BirdLife Data Zone,http://datazone.birdlife.org/species/results?thrlev1=&thrlev2=&kw=&fam=0&gen=0&spc=&cmn=&reg=11&cty=30&incvag=Y
Nemosia rourei,Nemosia rourei,CR,Global,2022,BirdLife Data Zone,http://datazone.birdlife.org/species/results?thrlev1=&thrlev2=&kw=&fam=0&gen=0&spc=&cmn=&reg=11&cty=30&incvag=Y
Coryphaspiza melanotis,Coryphaspiza melanotis,VU,Global,2022,BirdLife Data Zone,http://datazone.birdlife.org/species/results?thrlev1=&thrlev2=&kw=&fam=0&gen=0&spc=&cmn=&reg=11&cty=30&incvag=Y
Porphyrospiza caerulescens,Porphyrospiza caerulescens,NT,Global,2022,BirdLife Data Zone,http://datazone.birdlife.org/species/results?thrlev1=&thrlev2=&kw=&fam=0&gen=0&spc=&cmn=&reg=11&cty=30&incvag=Y
Dacnis nigripes,Dacnis nigripes,NT,Global,2022,BirdLife Data Zone,http://datazone.birdlife.org/species/results?thrlev1=&thrlev2=&kw=&fam=0&gen=0&spc=&cmn=&reg=11&cty=30&incvag=Y
Conothraupis mesoleuca,Conothraupis mesoleuca,EN,Global,2022,BirdLife Data Zone,http://datazone.birdlife.org/species/results?thrlev1=&thrlev2=&kw=&fam=0&gen=0&spc=&cmn=&reg=11&cty=30&incvag=Y
Sporophila maximiliani,Sporophila maximiliani,EN,Global,2022,BirdLife Data Zone,http://datazone.birdlife.org/species/results?thrlev1=&thrlev2=&kw=&fam=0&gen=0&spc=&cmn=&reg=11&cty=30&incvag=Y
Sporophila falcirostris,Sporophila falcirostris,VU,Global,2022,BirdLife Data Zone,http://datazone.birdlife.org/species/results?thrlev1=&thrlev2=&kw=&fam=0&gen=0&spc=&cmn=&reg=11&cty=30&incvag=Y
Sporophila frontalis,Sporophila frontalis,VU,Global,2022,BirdLife Data Zone,http://datazone.birdlife.org/species/results?thrlev1=&thrlev2=&kw=&fam=0&gen=0&spc=&cmn=&reg=11&cty=30&incvag=Y
Sporophila beltoni,Sporophila beltoni,VU,Global,2022,BirdLife Data Zone,http://datazone.birdlife.org/species/results?thrlev1=&thrlev2=&kw=&fam=0&gen=0&spc=&cmn=&reg=11&cty=30&incvag=Y
Sporophila nigrorufa,Sporophila nigrorufa,VU,Global,2022,BirdLife Data Zone,http://datazone.birdlife.org/species/results?thrlev1=&thrlev2=&kw=&fam=0&gen=0&spc=&cmn=&reg=11&cty=30&incvag=Y
Sporophila ruficollis,Sporophila ruficollis,NT,Global,2022,BirdLife Data Zone,http://datazone.birdlife.org/species/results?thrlev1=&thrlev2=&kw=&fam=0&gen=0&spc=&cmn=&reg=11&cty=30&incvag=Y
Sporophila hypochroma,Sporophila hypochroma,NT,Global,2022,BirdLife Data Zone,http://datazone.birdlife.org/species/results?thrlev1=&thrlev2=&kw=&fam=0&gen=0&spc=&cmn=&reg=11&cty=30&incvag=Y
Sporophila cinnamomea,Sporophila cinnamomea,VU,Global,2022,BirdLife Data Zone,http://datazone.birdlife.org/species/results?thrlev1=&thrlev2=&kw=&fam=0&gen=0&spc=&cmn=&reg=11&cty=30&incvag=Y
Sporophila palustris,Sporophila palustris,EN,Global,2022,BirdLife Data Zone,http://datazone.birdlife.org/species/results?thrlev1=&thrlev2=&kw=&fam=0&gen=0&spc=&cmn=&reg=11&cty=30&incvag=Y
Sporophila melanogaster,Sporophila melanogaster,NT,Global,2022,BirdLife Data Zone,http://datazone.birdlife.org/species/results?thrlev1=&thrlev2=&kw=&fam=0&gen=0&spc=&cmn=&reg=11&cty=30&incvag=Y
Conirostrum margaritae,Conirostrum margaritae,VU,Global,2022,BirdLife Data Zone,http://datazone.birdlife.org/species/results?thrlev1=&thrlev2=&kw=&fam=0&gen=0&spc=&cmn=&reg=11&cty=30&incvag=Y
Conirostrum bicolor,Conirostrum bicolor,NT,Global,2022,BirdLife Data Zone,http://datazone.birdlife.org/species/results?thrlev1=&thrlev2=&kw=&fam=0&gen=0&spc=&cmn=&reg=11&cty=30&incvag=Y
